{
  "model_type": "RandomForestClassifier",
  "n_estimators": 50,
  "max_depth": 10,
  "features": [
    "z_mean",
    "z_std",
    "z_min",
    "z_max",
    "z_range",
    "x_mean",
    "x_std",
    "x_range",
    "y_mean",
    "y_std",
    "y_range"
  ],
  "n_features": 11,
  "accuracy": 1.0,
  "feature_importances": {
    "z_mean": 0.17044489979063865,
    "z_std": 0.04866807041942895,
    "z_min": 0.38739567209202735,
    "z_max": 0.06900651479867907,
    "z_range": 0.1259074868343226,
    "x_mean": 0.008850594136839925,
    "x_std": 0.03720109740396214,
    "x_range": 0.08990365447462607,
    "y_mean": 0.00198136674154614,
    "y_std": 0.01531298081665545,
    "y_range": 0.04532766249127375
  },
  "classification_report": "              precision    recall  f1-score   support\n\n      Normal       1.00      1.00      1.00        39\n     Pothole       1.00      1.00      1.00       100\n\n    accuracy                           1.00       139\n   macro avg       1.00      1.00      1.00       139\nweighted avg       1.00      1.00      1.00       139\n"
}